coluna;parametro;unidade;minimo_arquivo;maximo_arquivo;numeros_originais;textos_decimais;ausentes;n_interpretado;media_salva;media_interpretada;desvio_pop_salvo;desvio_pop_interpretado;desvio_amostral_interpretado;cp_salvo;cp_aritmetico_interpretado;cpk_salvo;cpk_aritmetico_interpretado;status_salvo;histograma_contagem_salva;observacoes
F;Temp Ambiente;°C;13.0;30.0;15;2;0;17;20.066666666666666;20.294117647058822;5.246797965320266;4.967715842521744;5.1206042841928445;0.5400118990784097;0.5703493160943478;0.44895106903773674;0.4894347072366721;NOK;15;2 valores como texto
H;Aquecimento Z1;°C;0.0;0.0;15;2;0;17;45.06666666666667;44.705882352941174;5.9382002511048935;5.675175103619923;5.849836599025148;0;0.0;-2.529760127140729;-2.6258151532291003;NOK;0;2 valores como texto / limites iguais
J;Aquecimento Z2;°C;255.0;265.0;15;2;0;17;245.6;245.76470588235293;10.486817121192367;9.884803617702966;10.189022351069225;0.1589296969142878;0.16860898113158138;-0.2987878301988612;-0.3114307063253919;NOK;5;2 valores como texto
L;Aquecimento Z3;°C;255.0;265.0;15;2;0;17;247.26666666666668;247.58823529411765;5.971785513748984;5.688572895876039;5.863646727180661;0.2790901754306916;0.29298502404266025;-0.43165947133280225;-0.43430721211029605;NOK;2;2 valores como texto
N;Aquecimento Z4;°C;252.0;262.0;15;2;0;17;246.26666666666668;246.64705882352942;5.847696602556904;5.614489411289416;5.787283219164544;0.28501250662319194;0.29685097692327866;-0.32681434092792605;-0.31780516352962723;NOK;6;2 valores como texto
P;Aquecimento Z5;°C;252.0;262.0;15;2;0;17;246.93333333333334;246.11764705882354;5.0128723192286575;5.48669356064048;5.655554271479239;0.3324773823329936;0.30376521820404184;-0.3369104140974332;-0.3573708449459312;NOK;8;2 valores como texto
R;Aquecimento Z6;°C;252.0;262.0;15;2;0;17;247.06666666666666;246.23529411764707;5.359933664597809;5.693437003558993;5.868660534618461;0.3109491219406216;0.2927347164155546;-0.3068031336480802;-0.33750590833793276;NOK;5;2 valores como texto
T;Aquecimento Z7;°C;265.0;275.0;15;2;0;17;250.2;248.64705882352942;6.472505954677316;7.490709355167814;7.721246470539814;0.2574994412268189;0.2224978420123642;-0.7621983460313845;-0.7276988244639673;NOK;1;2 valores como texto
V;Aquecimento Z8;°C;265.0;275.0;15;2;0;17;249.86666666666667;248.35294117647058;7.1727880833668065;7.977476945018675;8.222995017560422;0.2323596692521211;0.20892152721386087;-0.7032752656030861;-0.6955857906061489;NOK;1;2 valores como texto
X;Aquecimento Z9;°C;0.0;0.0;15;2;0;17;90;89.82352941176471;5.750362307426087;5.425812968282449;5.592799993268656;0;0.0;-5.217062577301893;-5.51828392272544;NOK;0;2 valores como texto / limites iguais
Z;Aquecimento Z10;°C;0.0;0.0;15;2;0;17;97.66666666666667;97.41176470588235;7.751702321999271;7.364931400418606;7.591597522338527;0;0.0;-4.199794342355375;-4.408810682669571;NOK;0;2 valores como texto / limites iguais
AB;Aquecimento Z11;°C;250.0;260.0;15;2;0;17;251.46666666666667;251.52941176470588;4.208985098043891;4.088975811054769;4.214819792393613;0.39597827691080284;0.40760003083430885;0.11615362789383565;0.12467765649049461;NOK;14;2 valores como texto
AD;Aquecimento Z12;°C;260.0;270.0;15;2;0;17;258.26666666666665;258.11764705882354;3.5490217744549772;3.427953478666698;3.5334535680615726;0.46961297297834037;0.48619874133032764;-0.16279916396582608;-0.1830395261478874;NOK;10;2 valores como texto
AF;Aquecimento Z13;°C;260.0;270.0;15;2;0;17;248.6;250.7058823529412;41.604166458020366;39.5128641835309;40.72892814984571;0.04006009033610551;0.04218035571719802;-0.0913370059663206;-0.07840583768608564;NOK;10;2 valores como texto
AH;Aquecimento Z14;°C;255.0;265.0;15;2;0;17;248.2;250.52941176470588;40.01866231314252;38.142330424899505;39.3162142872677;0.04164723582275555;0.043695984175593484;-0.056640240718947646;-0.03906935055700122;NOK;10;2 valores como texto
AJ;Aquecimento Z15;°C;270.0;280.0;15;2;0;17;270;269.94117647058823;10.595596569644707;9.955610822607072;10.26200874728782;0.1572980488367682;0.16740978493072683;0;-0.001969526881538075;NOK;9;2 valores como texto
AL;Aquecimento Z16;°C;270.0;280.0;15;2;0;17;269.93333333333334;269.7647058823529;10.859506843724024;10.212618560128018;10.52692625938779;0.15347535488039904;0.16319679980741145;-0.002046338065071871;-0.007679849402702152;NOK;9;2 valores como texto
AN;Aquecimento Z17;°C;270.0;280.0;15;2;0;17;271.1333333333333;271.11764705882354;10.53797366142509;9.952134580026636;10.258425518452968;0.1581581734985355;0.16746826052890917;0.03584918599300114;0.03743408176528581;NOK;11;2 valores como texto
AP;Aquecimento Z18;°C;0.0;0.0;15;2;0;17;75.66666666666667;75.88235294117646;2.1186998109427604;2.138783407376217;2.204607474732647;0;0.0;-11.904575670396206;-11.826404468925977;NOK;0;2 valores como texto / limites iguais
AR;Aquecimento Z19;°C;285.0;295.0;15;2;0;17;274.1333333333333;273.7647058823529;7.098043548909954;6.752162283426703;6.959969573970007;0.2348064864891702;0.24683450970328843;-0.510312763969797;-0.5546516629803312;NOK;3;2 valores como texto
AT;Aquecimento Z20;°C;300.0;310.0;15;2;0;17;303.46666666666664;303.88235294117646;7.67564691446627;7.3314981451203485;7.557135311587788;0.21713696385975034;0.22732961717735087;0.1505482949427591;0.17651476157300153;NOK;13;2 valores como texto
AV;Aquecimento Z21;°C;310.0;320.0;15;2;0;17;301.93333333333334;301.8235294117647;7.654773383683903;7.229313645052808;7.451805939817937;0.21772906696613062;0.23054286319520895;-0.3512695613720239;-0.37700538804863626;NOK;3;2 valores como texto
AX;Medida do Passo;mm;412.0;415.0;15;2;0;17;412.06666666666666;412.4117647058824;0.9285592184789411;1.2860712417103204;1.325651892910228;0.5384686189633037;0.388780950684396;0.023931938620589916;0.10672418254082065;NOK;14;2 valores como texto
AZ;Velocidade do Passo;%;19.0;20.0;15;2;0;17;19;19.0;0;0.0;0.0;#DIV/0!;;#DIV/0!;;#DIV/0!;15;2 valores como texto / dispersao matematica nula no subconjunto numerico / dispersao matematica nula em todos os registros interpretados / erro de formula salvo
BB;Tempo de Vacuo;seg;75.0;85.0;15;2;0;17;82;82.94117647058823;7.2571803523590805;7.487012977269327;7.717436331412897;0.22965760608731267;0.22260769037354275;0.1377945636523876;0.09166199015381186;NOK;8;2 valores como texto
BD;Tempo de Resfriamento;seg;35.0;36.0;15;2;0;17;26;27.058823529411764;9.695359714832659;9.557692240748189;9.85184366143778;0.017190354104313223;0.017437961222072137;-0.309426373877638;-0.27695585470349865;NOK;8;2 valores como texto
BF;Tempo destacar;seg;0.8;0.9;7;10;0;17;0.9000000000000001;0.8588235294117648;1.1102230246251565e-16;0.04921529567847502;0.05072996561958922;150119987579016.5;0.3386481059780782;-0.3333333333333333;0.2788866755113584;NOK;7;10 valores como texto / dispersao matematica nula no subconjunto numerico
BH;Tempo Contra molde;seg;80.0;75.0;15;2;0;17;87;87.94117647058823;7.2571803523590805;7.487012977269327;7.717436331412897;-0.11482880304365634;-0.11130384518677137;-0.5511782546095504;-0.5761610809668164;NOK;-5;2 valores como texto / minimo maior que maximo
BJ;Tempo prensa corte;seg;10.0;15.0;15;2;0;17;10.6;10.647058823529411;0.48989794855663554;0.47788461203740945;0.492592183071889;1.7010345435994296;1.7437961222072136;0.4082482904638628;0.4513354669242196;NOK;15;2 valores como texto
BL;Tempo de esteira saida;seg;28.0;30.0;15;2;0;17;31.4;31.235294117647058;3.401960219246153;3.2272627586694593;3.326586308904105;0.09798272520870255;0.10328670401500263;-0.13717581529218345;-0.12758945790088552;NOK;8;2 valores como texto
BN;Retardo de Passo;seg;1.0;2.0;15;2;0;17;1.4666666666666666;1.411764705882353;0.49888765156985887;0.4921529567847503;0.5072996561958923;0.33407655239053047;0.3386481059780782;0.3118047822311617;0.2788866755113586;NOK;15;2 valores como texto
BP;Retardo de Mesa;seg;0.1;1.0;7;10;0;17;0.09999999999999999;0.1;1.3877787807814457e-17;0.0;0.0;1.080863910568919e+16;;-0.3333333333333333;;NOK;7;10 valores como texto / dispersao matematica nula no subconjunto numerico / dispersao matematica nula em todos os registros interpretados
BR;Retardo de Vacuo;seg;4.0;5.0;15;2;0;17;4.533333333333333;4.588235294117647;0.49888765156985887;0.4921529567847503;0.5072996561958923;0.33407655239053047;0.3386481059780782;0.3118047822311618;0.2788866755113587;NOK;15;2 valores como texto
BT;Retardo de resfriamento;seg;4.0;5.0;15;2;0;17;14.6;13.352941176470589;12.59523719506703;12.314225042945434;12.69321263742255;0.013232515123410478;0.013534482769757938;-0.2540642903694812;-0.22610547685948557;NOK;8;2 valores como texto
BV;Retardo destacar;seg;2.0;5.0;15;2;0;17;2.4;2.235294117647059;0.6110100926607787;0.7299808027053445;0.7524469885568253;0.8183170883849714;0.6849495194215732;0.21821789023599233;0.10744306187005072;NOK;14;2 valores como texto
BX;Retardo Contra Molde;seg;1.5;5.0;7;10;0;17;1.2142857142857142;1.3823529411764706;0.24743582965269675;0.21209125149788172;0.21861865804880154;2.357513599190972;2.7503884729500943;-0.38490017945975064;-0.18490006540840973;NOK;7;10 valores como texto
BZ;Retardo Prensa Corte;seg;9.5;15.0;9;8;0;17;11;10.470588235294118;0;0.7168269180561142;0.7388882746078335;#DIV/0!;1.2787838229519566;#DIV/0!;0.45133546692422;#DIV/0!;9;8 valores como texto / dispersao matematica nula no subconjunto numerico / erro de formula salvo
CB;Retardo disco corte;seg;7.0;9.0;15;2;0;17;7.133333333333334;7.235294117647059;0.33993463423951903;0.42418250299576343;0.4372373160976031;0.98058067569092;0.7858252779857412;0.1307440900921231;0.18490006540840973;NOK;15;2 valores como texto
CD;Retardo esteria saida;seg;0.5;1.0;7;10;0;17;0.5;0.5;0;0.0;0.0;#DIV/0!;;#DIV/0!;;#DIV/0!;7;10 valores como texto / dispersao matematica nula no subconjunto numerico / dispersao matematica nula em todos os registros interpretados / erro de formula salvo
CF;Pressão Ar;bar;6.5;;7;3;7;10;;6.619999999999999;;0.06000000000000005;0.06324555320336764;;;;;;0;3 valores como texto / especificacao unilateral ou incompleta / primeira linha vazia suprime resumo
CH;Vacuo;mm/Hg;-600.0;;8;2;7;10;;-509.0;;96.48315915225828;101.70217958988555;;;;;;0;2 valores como texto / especificacao unilateral ou incompleta / primeira linha vazia suprime resumo
